run_id,profile,mode,source,training_split,frames,playing_ticks,control_p99_ms,control_max_ms,over20ms,fault_rows,invalid_active_writer_rows,dropped_target_rows,retreat,release_recovery,hand_direction_force_times,evidence_root
20261007_123242_general32_stand_on,general32_stand,on,big_light_two_hands_hold_R_001__A508,seen,847,847,0.9902882299999973,10.1115,0,0,0,0,unknown per-run,unknown; no release event timestamp or associated hardware video,unknown,/home/user/code/ge/SoftSONIC_GuardedBundle_20261006/logs/20261007_123242_general32_stand_on
20261007_123408_general32_walking_on,general32_walking,on,230216/lift_crate_walk_ff_loop_180_R_003__A200.csv,seen,600,600,0.9502456799999999,10.1286,0,0,0,232,unknown per-run,unknown; no release event timestamp or associated hardware video,unknown,/home/user/code/ge/SoftSONIC_GuardedBundle_20261006/logs/20261007_123408_general32_walking_on
20261007_130954_general32_button_A480_on,general32_button_A480,on,231018/high_button_over_push_001__A480.csv,seen,322,322,1.0903097000000037,9.50249,0,0,0,29,unknown per-run,unknown; no release event timestamp or associated hardware video,unknown,/home/user/code/ge/SoftSONIC_GuardedBundle_20261006/logs/20261007_130954_general32_button_A480_on
20261007_131916_general32_button_A480_on,general32_button_A480,on,231018/high_button_over_push_001__A480.csv,seen,322,8325,0.9544746999999999,9.834950000000001,0,0,0,116,unknown per-run,unknown; no release event timestamp or associated hardware video,unknown,/home/user/code/ge/SoftSONIC_GuardedBundle_20261006/logs/20261007_131916_general32_button_A480_on
20261007_141649_general32_onehand_A508_on,general32_onehand_A508,on,231114/big_light_one_hand_hold_R_001__A508.csv,seen,574,574,0.9695591199999961,9.71204,0,0,0,87,unknown per-run,unknown; no release event timestamp or associated hardware video,unknown,/home/user/code/ge/SoftSONIC_GuardedBundle_20261006/logs/20261007_141649_general32_onehand_A508_on
20261007_142524_general32_sideway_A021_off,general32_sideway_A021,off,220713/walk_sideway_045_loop_001__A021.csv,seen,592,592,1.5682079000000004,9.53001,0,0,0,0,unknown per-run,unknown; no release event timestamp or associated hardware video,unknown,/home/user/code/ge/SoftSONIC_GuardedBundle_20261006/logs/20261007_142524_general32_sideway_A021_off
20261007_142738_general32_stand_on,general32_stand,on,big_light_two_hands_hold_R_001__A508,seen,847,847,1.0222139999999997,9.908809999999999,0,0,0,29,unknown per-run,unknown; no release event timestamp or associated hardware video,unknown,/home/user/code/ge/SoftSONIC_GuardedBundle_20261006/logs/20261007_142738_general32_stand_on
20261007_150508_general32_button_A480_off,general32_button_A480,off,231018/high_button_over_push_001__A480.csv,seen,322,322,1.3219836000000025,12.0015,0,0,0,29,unknown per-run,unknown; no release event timestamp or associated hardware video,unknown,/home/user/code/ge/SoftSONIC_GuardedBundle_20261006/logs/20261007_150508_general32_button_A480_off
20261007_150609_general32_onehand_A508_off,general32_onehand_A508,off,231114/big_light_one_hand_hold_R_001__A508.csv,seen,574,574,0.7205005899999997,9.62578,0,0,0,0,unknown per-run,unknown; no release event timestamp or associated hardware video,unknown,/home/user/code/ge/SoftSONIC_GuardedBundle_20261006/logs/20261007_150609_general32_onehand_A508_off
20261007_150721_general32_onehand_A508_on,general32_onehand_A508,on,231114/big_light_one_hand_hold_R_001__A508.csv,seen,574,574,1.2380740000000048,9.82751,0,0,0,0,unknown per-run,unknown; no release event timestamp or associated hardware video,unknown,/home/user/code/ge/SoftSONIC_GuardedBundle_20261006/logs/20261007_150721_general32_onehand_A508_on
20261007_150926_general32_stand_off,general32_stand,off,big_light_two_hands_hold_R_001__A508,seen,847,847,1.179312600000004,9.63973,0,0,0,29,unknown per-run,unknown; no release event timestamp or associated hardware video,unknown,/home/user/code/ge/SoftSONIC_GuardedBundle_20261006/logs/20261007_150926_general32_stand_off
20261007_151013_general32_stand_on,general32_stand,on,big_light_two_hands_hold_R_001__A508,seen,847,847,0.9947981199999992,9.599540000000001,0,0,0,174,unknown per-run,unknown; no release event timestamp or associated hardware video,unknown,/home/user/code/ge/SoftSONIC_GuardedBundle_20261006/logs/20261007_151013_general32_stand_on
20261007_151223_general32_button_A480_off,general32_button_A480,off,231018/high_button_over_push_001__A480.csv,seen,322,1801,0.8846035,9.39275,0,0,0,58,unknown per-run,unknown; no release event timestamp or associated hardware video,unknown,/home/user/code/ge/SoftSONIC_GuardedBundle_20261006/logs/20261007_151223_general32_button_A480_off
20261007_151317_general32_button_A480_on,general32_button_A480,on,231018/high_button_over_push_001__A480.csv,seen,322,4800,1.0287977999999973,9.97394,0,0,0,87,unknown per-run,unknown; no release event timestamp or associated hardware video,unknown,/home/user/code/ge/SoftSONIC_GuardedBundle_20261006/logs/20261007_151317_general32_button_A480_on
20261007_151556_general32_stand_off,general32_stand,off,big_light_two_hands_hold_R_001__A508,seen,847,847,0.8023319399999999,9.71143,0,0,0,87,unknown per-run,unknown; no release event timestamp or associated hardware video,unknown,/home/user/code/ge/SoftSONIC_GuardedBundle_20261006/logs/20261007_151556_general32_stand_off
20261007_151701_general32_stand_on,general32_stand,on,big_light_two_hands_hold_R_001__A508,seen,847,847,1.0169822000000013,9.77687,0,0,0,87,unknown per-run,unknown; no release event timestamp or associated hardware video,unknown,/home/user/code/ge/SoftSONIC_GuardedBundle_20261006/logs/20261007_151701_general32_stand_on
20261007_151808_general32_onehand_A508_off,general32_onehand_A508,off,231114/big_light_one_hand_hold_R_001__A508.csv,seen,574,574,1.2813611999999959,10.369399999999999,0,0,0,58,unknown per-run,unknown; no release event timestamp or associated hardware video,unknown,/home/user/code/ge/SoftSONIC_GuardedBundle_20261006/logs/20261007_151808_general32_onehand_A508_off
20261007_151858_general32_onehand_A508_on,general32_onehand_A508,on,231114/big_light_one_hand_hold_R_001__A508.csv,seen,574,574,1.1460186999999935,9.98551,0,0,0,0,unknown per-run,unknown; no release event timestamp or associated hardware video,unknown,/home/user/code/ge/SoftSONIC_GuardedBundle_20261006/logs/20261007_151858_general32_onehand_A508_on
20261007_152121_general32_walking_off,general32_walking,off,230216/lift_crate_walk_ff_loop_180_R_003__A200.csv,seen,600,600,0.7880720399999986,9.70583,0,0,0,58,unknown per-run,unknown; no release event timestamp or associated hardware video,unknown,/home/user/code/ge/SoftSONIC_GuardedBundle_20261006/logs/20261007_152121_general32_walking_off
20261007_152252_general32_walking_on,general32_walking,on,230216/lift_crate_walk_ff_loop_180_R_003__A200.csv,seen,600,600,1.660357600000011,9.96945,0,0,0,58,unknown per-run,unknown; no release event timestamp or associated hardware video,unknown,/home/user/code/ge/SoftSONIC_GuardedBundle_20261006/logs/20261007_152252_general32_walking_on
20261007_165210_general32_door_open_A508_off,general32_door_open_A508,off,231114/outside_door_handle_right_side_open_full_R_002__A508.csv,seen,267,269,0.9987328600000129,9.580549999999999,0,0,0,29,unknown per-run,unknown; no release event timestamp or associated hardware video,unknown,/home/user/code/ge/SoftSONIC_GuardedBundle_20261006/logs/20261007_165210_general32_door_open_A508_off
20261007_165319_general32_door_open_A508_on,general32_door_open_A508,on,231114/outside_door_handle_right_side_open_full_R_002__A508.csv,seen,267,267,1.0138046499999973,9.84816,0,0,0,0,unknown per-run,unknown; no release event timestamp or associated hardware video,unknown,/home/user/code/ge/SoftSONIC_GuardedBundle_20261006/logs/20261007_165319_general32_door_open_A508_on
20261007_165357_general32_door_open_A508_on,general32_door_open_A508,on,231114/outside_door_handle_right_side_open_full_R_002__A508.csv,seen,267,267,1.0340825999999967,9.944690000000001,0,0,0,29,unknown per-run,unknown; no release event timestamp or associated hardware video,unknown,/home/user/code/ge/SoftSONIC_GuardedBundle_20261006/logs/20261007_165357_general32_door_open_A508_on
20261007_165547_general32_sideway_stop_A021_on,general32_sideway_stop_A021,on,220713/walk_sideway_045_stop_001__A021.csv,seen,499,499,1.2278790000000024,2.8675300000000004,0,0,0,0,unknown per-run,unknown; no release event timestamp or associated hardware video,unknown,/home/user/code/ge/SoftSONIC_GuardedBundle_20261006/logs/20261007_165547_general32_sideway_stop_A021_on
20261007_165829_general32_sideway_stop_A021_on,general32_sideway_stop_A021,on,220713/walk_sideway_045_stop_001__A021.csv,seen,499,499,1.1555400000000005,10.177700000000002,0,0,0,174,unknown per-run,unknown; no release event timestamp or associated hardware video,unknown,/home/user/code/ge/SoftSONIC_GuardedBundle_20261006/logs/20261007_165829_general32_sideway_stop_A021_on
20261007_173345_general32_door_open_A508_on,general32_door_open_A508,on,231114/outside_door_handle_right_side_open_full_R_002__A508.csv,seen,267,800,0.9572610300000014,9.93195,0,0,0,29,unknown per-run,unknown; no release event timestamp or associated hardware video,unknown,/home/user/code/ge/SoftSONIC_GuardedBundle_20261006/logs/20261007_173345_general32_door_open_A508_on
20261007_173529_general32_door_open_A508_off,general32_door_open_A508,off,231114/outside_door_handle_right_side_open_full_R_002__A508.csv,seen,267,801,1.1599999999999997,9.79933,0,0,0,29,unknown per-run,unknown; no release event timestamp or associated hardware video,unknown,/home/user/code/ge/SoftSONIC_GuardedBundle_20261006/logs/20261007_173529_general32_door_open_A508_off
20261007_173630_general32_door_open_A508_on,general32_door_open_A508,on,231114/outside_door_handle_right_side_open_full_R_002__A508.csv,seen,267,801,1.1114125999999995,9.86635,0,0,0,29,unknown per-run,unknown; no release event timestamp or associated hardware video,unknown,/home/user/code/ge/SoftSONIC_GuardedBundle_20261006/logs/20261007_173630_general32_door_open_A508_on
20261007_174302_general32_lift_walk_start_A201_on,general32_lift_walk_start_A201,on,230216/lift_crate_walk_ff_start_360_R_001__A201.csv,current32-unseen_future-full-training-candidate,840,840,1.221705,9.91259,0,0,0,29,"onsite user qualitatively reported some retreat for this motion; associated with sole matching on log, exact manual event times unknown",unknown; no release event timestamp or associated hardware video,unknown,/home/user/code/ge/SoftSONIC_GuardedBundle_20261006/logs/20261007_174302_general32_lift_walk_start_A201_on
20261007_174456_general32_lift_walk_start_A201_off,general32_lift_walk_start_A201,off,230216/lift_crate_walk_ff_start_360_R_001__A201.csv,current32-unseen_future-full-training-candidate,840,840,1.1009380999999947,9.66071,0,0,0,116,unknown per-run,unknown; no release event timestamp or associated hardware video,unknown,/home/user/code/ge/SoftSONIC_GuardedBundle_20261006/logs/20261007_174456_general32_lift_walk_start_A201_off
20261007_174626_general32_high_watering_walk_A501_on,general32_high_watering_walk_A501,on,231110/watering_plants_high_walk_ff_stop_360_R_002__A501.csv,current32-unseen_future-full-training-candidate,765,765,1.1431148000000007,10.0189,0,0,0,58,"onsite user qualitatively reported some retreat for this motion; associated with sole matching on log, exact manual event times unknown",unknown; no release event timestamp or associated hardware video,unknown,/home/user/code/ge/SoftSONIC_GuardedBundle_20261006/logs/20261007_174626_general32_high_watering_walk_A501_on
20261007_174737_general32_high_watering_walk_A501_off,general32_high_watering_walk_A501,off,231110/watering_plants_high_walk_ff_stop_360_R_002__A501.csv,current32-unseen_future-full-training-candidate,765,765,0.85123164,7.513850000000001,0,0,0,0,unknown per-run,unknown; no release event timestamp or associated hardware video,unknown,/home/user/code/ge/SoftSONIC_GuardedBundle_20261006/logs/20261007_174737_general32_high_watering_walk_A501_off
20261007_174901_general32_button_A480_on,general32_button_A480,on,231018/high_button_over_push_001__A480.csv,seen,322,9497,1.424342000000001,10.450899999999999,0,0,0,58,unknown per-run,unknown; no release event timestamp or associated hardware video,unknown,/home/user/code/ge/SoftSONIC_GuardedBundle_20261006/logs/20261007_174901_general32_button_A480_on
20261007_175229_general32_button_A480_off,general32_button_A480,off,231018/high_button_over_push_001__A480.csv,seen,322,3160,0.8345766400000003,9.6708,0,0,0,145,unknown per-run,unknown; no release event timestamp or associated hardware video,unknown,/home/user/code/ge/SoftSONIC_GuardedBundle_20261006/logs/20261007_175229_general32_button_A480_off
20261007_175735_general32_sideway_A021_on,general32_sideway_A021,on,220713/walk_sideway_045_loop_001__A021.csv,seen,592,592,1.0631108999999999,9.88083,0,0,0,29,unknown per-run,unknown; no release event timestamp or associated hardware video,unknown,/home/user/code/ge/SoftSONIC_GuardedBundle_20261006/logs/20261007_175735_general32_sideway_A021_on
20261007_175931_general32_sideway_A021_off,general32_sideway_A021,off,220713/walk_sideway_045_loop_001__A021.csv,seen,592,592,1.0695175999999977,9.74514,0,0,0,0,unknown per-run,unknown; no release event timestamp or associated hardware video,unknown,/home/user/code/ge/SoftSONIC_GuardedBundle_20261006/logs/20261007_175931_general32_sideway_A021_off
